Date,NVIDIA,AMD,Intel,S&P 500,NASDAQ,Microsoft,Dell,Hewlett Packard Enterprise,SuperMicro
2023-01-02,100.0,100.0,100.0,100.0,100.0,100.0,100.0,100.0,100.0
2023-01-03,101.29342830602246,101.23672038475986,102.10736166686259,101.8480907927221,98.99892630101684,99.7509492846883,96.27128782498542,100.49547955171532,102.17275301181188
2023-01-04,101.31720328938123,100.04693834124302,101.97766802157824,103.43049214797895,96.68094083756162,98.6641733365792,98.89622523515268,102.1393318158435,100.92221322384053
2023-01-05,102.93359472490837,101.33874174504159,101.57459659787094,102.93127958794682,95.79507233068065,94.43036330932513,99.12898842794999,101.33013179601208,98.00999534320947
2023-01-06,106.37781426895188,99.94379540667114,103.31895733317018,103.1515334165066,95.60773487640792,96.23788548298765,98.40238653422544,102.22802386326342,97.89114622836252
2023-01-09,106.19877322762339,96.48597575174159,104.61524424734853,104.29845307235763,94.8366615368238,98.80719651012126,98.31533160739117,103.4257224272121,97.13900165958616
2023-01-10,106.02006839540122,93.4900043114387,101.26464361457462,101.12246952025777,97.68644163755715,100.21326637451236,98.32993999744059,104.41814148074484,95.45607560574372
2023-01-11,109.6866936148072,93.72014855531961,104.20443793871799,100.13338523108274,98.42249874674874,98.05329835134681,95.01385853761369,102.76696971848271,95.31216897403753
2023-01-12,111.69930125577078,94.34755340704253,107.02856859700901,101.80414016206791,99.11238999114003,97.7758241194999,97.9401679956118,103.14589924647785,96.43972269802718
2023-01-13,110.98559994220976,92.7826735154748,105.63599270250566,99.33174634939513,100.44487112344524,97.88040256902525,98.10926293415005,103.96929294171912,96.61468641738597
2023-01-16,112.52288378087759,94.10685383799172,106.41939668955082,99.99440418761122,98.25751707963667,99.17006377023596,99.06681352071979,104.0569982493548,97.40109339169382
2023-01-17,111.81755052841345,91.12080560577199,107.41767487861875,97.36138792525988,100.39778548071828,100.6146552244883,101.04131372643128,99.78758610724059,101.12845343048356
2023-01-18,111.11146797495014,91.13706192444043,107.9239854377126,98.34752244479375,100.34605193446527,99.25801993797867,99.068658983985,100.1777348609471,100.6372141576781
2023-01-19,111.98249804264012,89.06639834954206,106.68220093679552,98.35609543314524,101.79199964317452,99.53990389337072,100.09594529915101,104.68078623207681,101.39873320909811
2023-01-20,108.03336751171976,88.03886405834393,105.19585465448283,95.25761912904552,99.71166182115454,100.56970472859722,99.65023589003204,104.00027890788121,100.56885887750235
2023-01-23,104.63049397170693,88.2543808580429,105.08949308039867,97.5528311805786,96.71281611040273,103.61862079578356,101.42753925223525,102.55867467824885,99.06764797067905
2023-01-24,103.76773701484977,86.86805745262755,107.50177829695127,96.19764368396196,98.39153716841663,105.20296306070345,97.20363518403961,103.39626842006432,98.10687475653745
2023-01-25,101.97705635918796,86.33024767660883,108.61678707383076,94.7157142943097,99.23063894313644,106.98942864707165,97.09847193151585,104.114620633918,97.36369836175258
2023-01-26,102.92390788720137,88.19721319721721,107.75737992039971,95.17142796136845,97.53964654010868,107.29718722199958,96.01520126574667,106.671124253643,98.25842362089067
2023-01-27,101.36353188469684,87.31190391285155,109.36662585338783,97.43391423883538,95.94065359551847,110.45270982610361,96.93169123098313,104.06222983354739,103.07127014347685
2023-01-30,98.80450065512743,88.90218915650802,103.08123264010356,95.53235145038087,98.19609322503169,111.49044130188787,97.93017331378888,105.65725459321442,101.80134255466679
2023-01-31,101.99716805207473,87.02687419055927,105.39801571196408,95.72662575340283,95.95837729595749,109.7041684093507,96.63235193934638,106.9788621522916,101.15668493069806
2023-02-01,101.84258869097293,88.07955853258643,101.6780691003086,96.62419018688612,99.20690029370145,112.91492412230672,95.3429403463905,106.74961386018244,101.23129200557605
2023-02-02,102.28566140054728,90.75113242442485,100.89018416406307,98.04090489935145,97.51915136550213,114.62649593252256,95.2177257600468,107.54743339803419,102.23509916617135
2023-02-03,99.67789217362746,86.40116837631844,98.58046503454527,98.46530741809549,98.86177929334599,113.74835605392533,93.5958970391233,109.83702680017896,102.97845223241414
2023-02-06,98.89166739982021,85.15371650595904,95.97856876306443,97.8212894839032,98.31088492821509,112.7940233455684,95.25625773182166,111.83016327442695,105.82909308445757
2023-02-07,99.40772879899396,86.26424380714641,98.15886935137124,96.2804276645278,99.59519361568896,113.59841515282972,94.63860243893498,109.35196366281849,100.90509382478527
2023-02-08,97.41759883751533,86.04332903914656,97.19160949439448,96.52333140466718,98.61096602151324,114.78707442431882,89.22151113346905,111.22222820209944,96.2898363623293
2023-02-09,98.44184361073285,86.81108656278545,97.81655908887655,94.53082148647573,98.38851367294998,115.37775095319503,88.63296668753013,111.15618754602087,95.52745547428378
2023-02-10,97.5546095419742,85.89265098609708,97.6758586178037,89.08329292257174,98.56742172358109,116.23456614622012,86.87175196002083,111.39600501542829,97.81495628138244
2023-02-13,97.27815197326177,86.17023849046363,98.55892813639011,89.93236325514977,96.69032847330277,120.32592378361464,84.11570077640276,111.63705926647387,94.94771031867452
2023-02-14,96.39932828382621,86.0311989581739,98.6610783371281,91.63016907550488,98.2196297877699,123.04900328548835,82.10966473043193,111.37975149906353,89.42624965662547
2023-02-15,100.25969372430663,88.16955957434,96.08011987122764,87.37315523911143,97.30969648753967,123.66581247934896,82.3632332875068,114.11235902285998,90.62667079952438
2023-02-16,100.53340825311248,88.7504573877095,97.94650852001618,85.67858661105635,96.96210641645092,126.14237020964454,84.62598328731187,114.0011725963565,91.24956100113205
2023-02-17,98.70830278518177,89.48283088728071,96.9303005981677,86.80809471988796,95.13078432534894,123.68884080411455,85.23221755329331,111.52838198894611,89.44243935273049
2023-02-20,100.62826793830317,88.87993679549358,93.8642364210135,90.44968642807333,90.3507788963855,124.82165012372991,84.275053974467,110.72865689432543,87.85834291209203
2023-02-21,98.47312510371688,88.14648849315377,93.01361024911651,90.55966186399415,90.0959395324467,129.488248186939,85.11932853614796,111.20189947388216,86.33005807278599
2023-02-22,99.17989349743834,87.51613851938826,95.75892516886407,89.31355558961128,94.53337253479286,129.0789464643891,84.41438675296465,114.01356118101808,86.69356859646393
2023-02-23,95.5902356944005,88.33783129380032,97.33937210987938,89.05830380488779,96.11133169613285,127.04560731027392,83.31767441701652,115.468590129052,85.78100560648116
2023-02-24,93.33777405227939,87.72656091986086,96.61195082686383,91.57843368454519,96.17042021292407,125.54116146161451,81.46908406497195,113.58521595230351,86.8001936137661
2023-02-27,93.98527916550032,88.36656979397199,95.8887954883401,90.46856867668187,95.76094420283533,122.95593491387025,78.68800847413652,119.31034227083931,82.01815106029123
2023-02-28,95.65533475650203,92.16704063914229,95.22402713763462,89.09490839283333,95.89973224919899,121.1736593537942,78.14518128324292,120.02566816998191,80.77663924820493
2023-03-01,96.270146566849,93.91107091896,99.1315412509583,88.30598452182676,97.04500351452262,120.42115130249135,78.462534318843,123.17127864782366,79.11901543521086
2023-03-02,96.33628746463513,93.43959314432514,99.83921248109475,86.69293688294205,94.85020884180433,117.1804567104083,78.38152383923884,122.88376132741638,78.87162502430476
2023-03-03,96.04515208352997,95.8245713373676,100.64799326264679,86.97498423168734,97.05893195977204,117.35767652856619,77.79998477710933,124.28060376290868,78.18063425329733
2023-03-06,93.4931901513069,95.18623524051112,102.67158850881574,89.87069188521174,98.5446738201459,119.61628879440772,76.39842418090431,126.45419323717257,79.5845141767499
2023-03-07,92.42765909266555,91.44898656427397,103.11058996008006,90.5232955948941,100.05868605560951,117.58817983297376,77.39656377384247,129.62362776205208,76.78419493183276
2023-03-08,91.85342680420084,89.7423906140661,102.52483489549807,90.13883681802231,101.03621086751639,121.30228227338402,75.42739098842475,132.4555626139603,77.00762384942277
2023-03-09,94.0709930651953,86.51921741330037,102.07095776086646,89.68487732046798,101.17688693364963,122.6870499342238,76.6659508578224,134.85882839488755,78.021562322324
2023-03-10,94.99969631909227,86.04074280843079,101.87375409948048,86.9527337041955,102.6396239244523,125.36305222953887,75.19823179915625,134.10338502653173,81.07477612061469
2023-03-13,91.93492982089305,86.20149854317935,101.74697784304601,88.55807207683581,103.95713515078457,123.86412494155509,74.13427421992895,132.66379580401372,80.45574430787724
2023-03-14,92.80662735000345,89.22102896163071,103.17678649521204,88.49105629243091,103.32499112521184,126.12966228130676,72.02621395587022,133.63915995772714,81.13874696669853
2023-03-15,92.37028347809974,89.9382364387324,103.23239029334931,88.24243197360083,102.24296815445749,123.52651279423691,71.36875558224015,136.22675640411023,78.37376112686474
2023-03-16,91.39684478731756,89.67903349011324,104.69341782611599,93.94837746597851,102.553492921668,125.87412799563236,72.82512419157274,135.71530476057617,74.78117656546345
2023-03-17,92.78914097830494,91.30115785818522,104.47206122426687,94.58488318803526,105.83319495742732,126.45777949026423,73.64168039489705,138.70150823289558,76.19420335366058
2023-03-20,94.98081960206869,87.40052531710178,104.58412880199643,93.23838972148442,103.31625493816861,128.00878724124365,75.14901087655784,142.82820195832446,76.33811851746937
2023-03-21,97.03483704073028,87.94348282809835,100.35223518232857,92.51792251894706,100.38718690341312,125.15266899086544,76.0014149036168,140.31065231393416,78.29010358226779
2023-03-22,95.69727483969979,89.43124945116804,102.1411696710538,94.71697307977585,100.81837163758802,123.06244459977148,74.39220680593526,138.06029197286006,76.29620670067978
2023-03-23,95.39255102990548,86.92076001771673,102.7979138503335,95.00731926675249,101.02179831397567,124.68004682373575,73.96699698435359,137.7693297448775,77.24213033611336
2023-03-24,96.31072995868531,89.03946057192096,104.79838203931062,92.35038642055913,101.47304584543838,122.46486140848684,72.87938754902697,138.7133600980481,80.28364402106044
2023-03-27,98.47877141457724,89.77581051335557,98.67552529614396,94.12208967603516,102.06961237199403,123.74634912948618,74.88440867971052,137.3551703885922,81.1181212222025
2023-03-28,97.83043792409056,89.1648180477887,102.74761695368424,92.93964499706371,101.71603863214342,120.51127850231457,73.15938844547775,141.16595959497835,81.72907290661398
2023-03-29,97.76066725803165,90.42700287396652,102.40939311231949,96.49606931897031,104.84861481232493,122.70018321174042,74.53287942329555,142.4620518754685,81.90651666349697
2023-03-30,95.89082835441121,94.66928236984893,104.62795501015513,98.6576740347659,101.5964121353212,119.82280670089776,75.93104747740415,142.67416946043747,79.49702113193473
2023-03-31,93.88439595815186,95.1556292504773,102.39957642148838,97.85396541858343,100.0145620438073,121.29015664240868,78.77788498817624,138.6766974042943,81.81129538051948
2023-04-03,95.69171906674391,95.77075441599963,103.60333239968861,100.43929920615565,99.9080370135462,122.95336230922476,78.20330021915831,135.12431125618727,80.97541687516973
2023-04-04,98.57441301996559,95.03454374966,101.36878347855905,100.65595784401353,96.72458967925904,121.38749758723125,79.38780206332369,135.97832190208553,81.95438254876322
2023-04-05,98.72816914969994,93.5618041270784,100.05348507247139,102.45321763216046,96.48112536669865,122.94617755448998,83.08195757271197,130.27377123661174,79.55634108390912
2023-04-06,101.0058929709565,95.25590117381324,103.83356847978222,103.5284289427406,99.78361671911803,123.73412058256537,82.13043374256453,133.0033647614695,77.83878385879106
2023-04-07,102.03945804267744,93.76784429922846,103.38566701319132,101.85881218956602,99.9250829226918,122.54913906308272,79.68288070609032,132.6757672477729,80.22857058423932
2023-04-10,101.02902301415483,94.04270830145069,103.78356303217033,100.62927480922465,100.48606414830007,120.22424786532684,76.7585029935633,141.37423724478316,79.83175640133337
2023-04-11,102.06233898211977,93.28536836521991,105.53764583405813,102.7826624321742,98.05397026383719,115.64941301031519,77.92171981427553,147.99879720196836,82.31177058988524
2023-04-12,105.50803818733704,94.31893260745295,106.5311390019253,102.17670656310943,96.94329057058742,116.59692876051233,75.05708330449767,147.56531147996876,82.3476080498346
2023-04-13,105.74896359984878,95.08982407880855,106.7983593782717,101.43357851669337,96.31277842678249,113.08782112988986,74.56573103602744,147.35477413999715,79.47878574842633
2023-04-14,109.37539939075653,97.20564863041116,107.52450492459141,99.57709535659674,95.79709073087473,113.43917187068955,75.28501174362498,150.39199626456966,81.05575231256698
2023-04-17,103.9728122476929,96.35992760610033,112.63926409074499,100.50037232383332,98.34844275989838,112.97759192767076,75.63158710349168,155.6201412377291,80.26158050521042
2023-04-18,105.99384097990225,95.98436491295807,112.45314168078647,104.72646306791479,99.54375214992692,114.64772334486561,76.3431969379504,150.63086907120154,81.54366103530461
2023-04-19,106.49635156501402,94.24942118714327,112.84919950178828,102.57426531200045,97.43052199426876,114.09272403561793,76.75131217996882,145.3546449028744,81.7478640861171
2023-04-20,106.17897678139434,93.55330766693353,115.16408505288726,102.70601058373931,98.00829430099726,113.47788339702379,78.78348094640891,143.64808018873472,79.38842743095567
2023-04-21,106.69237501896265,94.39959181060816,117.65284066178774,105.68904617842773,99.08289987037486,115.27507962595872,77.35385009052291,145.4228165464018,79.80806634697572
2023-04-24,102.77128318376691,95.97037952665603,120.38716398947301,105.60525296182882,101.44136823066738,116.18588654114964,76.3761049465577,146.96974765796705,83.47320892450355
2023-04-25,102.62807779746898,94.34432397299305,121.86486880716747,106.6451939237133,104.74945379469273,117.05996680840995,75.26458906341054,150.2171072971411,84.46317857532313
2023-04-26,103.66895756629262,96.12668811205816,119.01809349804691,104.46452680220182,102.72759200560473,118.29908773832501,76.58200810484055,146.71795742539777,84.53494228760674
2023-04-27,107.0441991392272,98.87713769715108,122.84674258797928,105.44295638836,101.16437080588442,114.80791101697493,78.03001855201606,140.02426206203228,86.52209402065765
2023-04-28,106.25577532758858,99.84303860079397,119.96882326842363,105.13264986200656,98.72109371996014,116.68338705880728,78.80442796946413,142.52513513619434,87.05968774376879
2023-05-01,104.85640036111512,103.74050309387603,120.6349752696698,107.28940411178192,98.35776088481545,118.25270579034445,80.74064278313153,140.26412701631642,87.59864681242253
2023-05-02,104.11872081327627,102.29064823244461,118.75481681176308,109.92311447353181,99.37351795530874,115.9900984195816,78.91099382450102,134.6998831413978,85.86134634789707
2023-05-03,106.33728692621418,99.89775347624756,118.543104651352,115.70411097827281,101.43518955950732,115.56306817440972,81.6132599503565,135.1849744521724,86.4346391672947
2023-05-04,107.35546880849668,96.49379696789694,119.26328343522704,117.13799308705926,101.38254261945848,115.61089444102176,84.17304127631633,137.42411263724748,88.39747200715229
2023-05-05,106.54008211429228,99.52571758430507,119.97017412691345,117.99496601512074,100.83538605891569,115.43864164346847,85.48718782822365,137.18483765463728,87.09615133743657
2023-05-08,107.95337345004494,100.97753039090476,120.92254716691731,118.54808936910266,101.24227295969315,116.34797483423674,88.61054585699375,136.02466991041788,89.75170571264886
2023-05-09,108.48683054916275,101.01674063056853,124.76476743426447,117.8055840557524,99.65247992050931,119.81832493025895,85.75440961403122,135.6863432788785,89.76659368225116
2023-05-10,110.91399553981498,101.7338961037073,125.83408708358441,118.69733426044583,103.91668671056613,122.5544164656762,84.93211377671619,134.77566332092675,88.35228596910025
2023-05-11,109.6893872519739,99.59648923178858,125.15670549389866,118.0910249294486,100.6793472514404,119.48511661491408,83.75953513545419,131.23632741125948,90.29185203207854
2023-05-12,109.2996342120103,104.61765017966692,127.50736661698996,118.58337233635802,101.15201781657333,121.11506086153909,85.04353417243122,129.45235149404704,89.95453208220404
2023-05-15,108.77038756046849,105.04495298317018,130.47693792790955,121.80314221731643,105.34700688121481,124.47947573210212,83.33391975570207,130.8925863299055,91.50087727263407
2023-05-16,105.91295696097251,105.43234783376242,127.20820928503667,119.44858378655951,105.46668075352909,125.59184554026267,84.67142108328667,131.82631786528847,91.14995561110894
2023-05-17,106.85795531505566,107.12088193825352,128.66448904264126,122.26728024989927,105.1712917095784,128.4829206558591,87.06853022142582,132.36169039582938,91.22319251578845
2023-05-18,107.736445833188,108.31208592364246,130.40447745052114,125.58589561529536,104.524603064635,133.80794784090816,88.35749779294483,129.81995287404735,92.3061216515824
2023-05-19,108.07067328357918,108.95954096602097,129.56320294851577,125.38980949766453,104.25202028905208,136.7081268493117,88.93845014989681,129.43957220196032,93.02776547860536
2023-05-22,107.88784551447958,107.40038560125626,133.0632409680565,120.16894171389518,107.21871685005657,137.55382682388316,87.26129627734944,123.8942125371536,89.50102376002322
2023-05-23,105.15748305174203,108.57420384676209,132.59737169285424,118.80425036847481,102.58287564726136,140.59400979566965,85.86188518284256,124.4231830004964,87.67297655508395
2023-05-24,104.5882754329074,112.82385137902983,132.86409516054457,121.98106306549344,105.83153929677663,141.1701298359384,88.08505357888494,128.0659397098159,89.47800530432664
2023-05-25,104.18516185421896,116.02899658269351,132.33776248633907,122.02285850495653,102.92337928934433,141.4070219062218,89.53731010241897,124.37986353268464,89.42049494688273
2023-05-26,102.82600959686532,119.90015699072627,132.3128275310679,119.6817224938603,102.47740749223006,140.58286152195464,89.54801962538006,123.0093773562118,88.66268969051656
2023-05-29,102.8028003029438,118.85411042900797,129.34564598732294,118.56922123096948,101.70012779226805,145.14734343030634,88.88015339892534,123.90514831901797,86.43091854317014
2023-05-30,103.94195989475939,116.68001958288966,125.55568693105381,120.65750984583029,102.99894677502509,142.94566530944888,85.35906324660658,127.09655497162382,84.73732833961057
2023-05-31,108.17486296039738,116.56150320625402,129.4968926581534,122.07338607147304,99.80984322060921,147.498106585877,83.6077472168432,126.0461664683994,81.48036669246912
2023-06-01,108.87708616885877,116.86625305191153,127.23856695564865,121.58769977259402,100.83224069067961,149.14968454981832,86.8791830665989,124.38928878011822,81.4782796238805
2023-06-02,109.76454414903625,119.59903368918701,124.65208083545855,120.79294320335245,105.01538643472466,145.15454268007164,84.73247565212344,119.57810229530726,80.66604289256784
2023-06-05,109.93040734132674,115.73008955438038,119.22126362481667,119.94314516097711,102.25731692375768,146.39604743110414,85.12983676697402,119.90918567106677,79.26795857287982
2023-06-06,106.041572537498,119.44398459769413,117.638096453655,117.82636410396054,102.747551114756,140.42301108360658,86.92172443986387,124.89039560207718,79.31849439314446
2023-06-07,106.30346579417653,119.24568871450701,114.46636211075382,121.72730207828596,101.48995771286647,142.3482330805139,84.81835314503105,125.67060703976568,80.054523430782
2023-06-08,106.75042979280391,118.40648270387746,118.16823896792879,121.03997989751451,102.45591316151898,145.03927370962504,85.20802642845295,125.70258020792865,83.56603173583088
2023-06-09,112.32972416601308,116.18729804385804,120.4957209909916,124.08330873928865,102.5976051350834,143.4950232863697,86.88307229039584,126.60030356412905,81.20632184290062
2023-06-12,112.23455625622768,112.51611248384512,118.77708969064831,127.95797397349469,101.38390232834942,144.0217869044758,86.98298664523418,126.6608387552834,83.25171588940283
2023-06-13,113.24814056813752,114.5372857329399,124.06845653927917,130.61517715112694,102.47453415223933,149.8234379587888,92.05131662689911,124.68995969620073,85.03846681496486
2023-06-14,113.50926412234296,114.87704448068365,126.44254488410115,129.59214602069397,106.27500332636896,148.48777188496234,89.0622276378152,126.83033745807897,83.88348670732948
2023-06-15,111.19667623378724,112.08562213424676,125.55787347587804,130.74222471390755,105.97551230767863,145.52126064654198,91.02823806939257,127.4917868975259,84.39221649064352
2023-06-16,114.07182823245284,109.350556369856,119.21869320888045,130.78355074552167,107.6070221531198,150.00815668292188,90.79556672984442,127.62594204759613,83.78858723859648
2023-06-19,116.12953123208926,108.78021733065357,124.6215474566932,128.52439082288566,104.93132413871945,156.07624820656218,92.27902129847298,125.22564004557728,84.26733608946621
2023-06-20,118.31516320977985,112.57451814165994,121.09582326073897,129.46097191736433,103.0290527533791,156.27507583634235,93.17654025865808,128.57795029522953,86.97927976783711
2023-06-21,116.51822219670987,112.15891249300242,117.05025703200994,126.51174794904234,104.10551323262779,159.62393517862793,91.89413998657278,130.37727719144704,88.20674220611649
2023-06-22,120.13679884765867,108.95533328287698,119.38557454149517,129.61806525614801,107.29971196281055,164.0981171925301,92.39771324346228,129.02677501991377,89.28040944376221
2023-06-23,117.1289312613006,108.58326593381251,125.15130660962062,128.5173038051458,108.17015587267,161.85822964106737,89.04755427456317,131.70233836253527,88.69060641718939
2023-06-26,118.85507693908326,108.15387651470662,128.55360199513126,129.13716758033286,107.60105530936505,160.4814446496942,90.20205136437279,130.48390514106228,86.23554991863155
2023-06-27,124.41857760864637,102.4825324303814,129.9391761657464,129.97213718122373,107.70713145418975,164.62467278434505,90.82112331588073,128.53446648392523,86.04847360293871
2023-06-28,122.3270109286232,102.52497072065268,131.4198443612033,129.40310623578537,105.12128198216371,170.37012087707302,92.06293900553055,126.67147991263391,88.29710634940257
2023-06-29,121.30852179024961,102.205227057773,133.59724923722945,131.02502872717764,106.4973517858327,172.49252662587142,94.09406530709818,122.27327245564483,85.77681050916767
2023-06-30,121.91421855148361,103.78165349025609,135.55826605187087,129.8853634451272,108.48317182822908,169.66428964187693,94.87056687093212,123.51200434546895,84.13832011409941
2023-07-03,121.0523443885126,107.77508038577777,136.25284335608384,132.25264705886315,107.61077113488506,176.61055302927687,95.23693692519296,119.07509526510059,84.5190758585545
2023-07-04,117.66127254791633,110.36505573874275,136.46867086829153,128.79826166450874,106.70674994629398,174.94698441481157,93.64444517631772,116.23290650707024,83.02367176117173
2023-07-05,118.17560050286703,109.93708501593883,136.22959651345866,129.22684967694974,107.38087673159316,173.984293912521,92.39481481187703,111.48923700149678,81.87375497396755
2023-07-06,116.01935971865547,107.6690259854293,134.10723588066708,134.34146488260296,106.55035064548417,175.38430319348038,94.67093265445027,111.37536257983362,81.34387035416083
2023-07-07,117.46633560920934,113.37195239492681,133.2873710879428,131.7612185441997,106.51597193057997,181.04627120607148,97.47572074309512,111.11848541832056,79.28486599327256
2023-07-10,115.658706702722,113.67628451315905,128.7077321398084,130.0806174554639,111.0955660456483,184.35571005660566,97.0992491638445,110.47022859008999,77.89877332449143
2023-07-11,119.59095099799781,113.87846754294003,128.39023686685394,131.52167095740512,110.65779241064996,186.10659338661776,97.27597513244731,108.2440818250393,79.1504943079391
2023-07-12,118.07632372893573,113.9943386852659,125.78753282018907,132.0992662148551,109.9753875999653,188.05434230058918,95.60357860113956,105.78210535581546,77.2392160064181
2023-07-13,117.66999590315989,114.616941019441,122.94828350459319,133.13130520436457,108.66108976632711,188.4436699591934,97.9320168466116,106.83859326615952,74.92532661949328
2023-07-14,119.93753724357015,114.4579434545896,123.3291629047776,134.5403326710428,110.38704506846412,190.7733595324466,99.32346789352961,105.73697640337181,74.13108072533193
2023-07-17,117.34481315941927,113.3164268988606,126.70098785805354,136.35587768785467,110.09733609400215,181.35083408066754,103.26902796913312,106.48000773443972,75.36455593566076
2023-07-18,118.23067246944504,112.24703951442778,128.96466978706349,139.49124430840524,108.77754859708699,180.49265487962722,101.54789868584115,104.66931800094564,75.21846655525742
2023-07-19,121.67625182390086,112.34188092137619,124.84940561723701,140.7461595917671,111.76089041732617,181.58038279975912,100.87157363801941,105.1216207995709,74.67000196263903
2023-07-20,118.12942988234914,111.28940652418954,122.31589122177037,140.17963475224698,115.04577322421461,177.61824770088796,101.42928434263878,107.93525992683357,74.88558739651533
2023-07-21,118.92003202090419,109.86969695202757,124.55615860205032,142.1774011756201,113.77929512978984,179.20375101324268,102.83203012147773,109.27617376929467,72.4207920406652
2023-07-24,119.894897521241,110.26837063471648,122.04638341046784,147.6935486174388,109.64560242497157,178.68595531895917,102.48102812857654,108.45132700964753,73.28217313021419
2023-07-25,122.12931367563479,109.87145474438911,121.43704694773784,147.4199204829394,111.96463693686805,185.17395550919633,100.78402205257349,109.08511433136658,73.99071652358484
2023-07-26,119.47434278925913,113.3411798781245,122.71226247572288,144.66455576726895,110.54351497625751,191.22180994804785,102.65136358906754,108.63641414981441,73.53299741108165
2023-07-27,116.6775520970274,107.50191072985069,120.27435156624227,147.98339407630138,112.40202914646702,189.6698324397724,104.22426038224972,108.72958113988075,75.1594362963372
2023-07-28,118.24556203759587,110.00994503907326,120.46769380391254,147.74549252706825,108.08555784081324,189.32524896913105,102.40810240782045,108.09762078038621,73.61491574445728
2023-07-31,119.30264111576886,112.91659522744521,117.1933204600422,141.4436462776018,110.12318102340018,189.2724364425046,105.27643620365858,107.81800421959917,75.42276408606173
2023-08-01,120.25823821165378,108.403566807859,115.72519837957468,143.95404943364062,107.56574209205061,187.78982957633409,107.83507199132868,108.35082646328691,75.80665640009347
2023-08-02,121.45227795240251,107.8232010080885,116.40747233572188,142.52795947030688,109.24541152937535,188.74765154210107,108.22176100509886,106.2740473203272,75.44801118206453
2023-08-03,120.1648237562666,107.18393694646299,112.64054112021269,142.3839113580639,109.38584228429627,186.11166952977123,108.49144500677498,104.1892080628264,75.56891867915873
2023-08-04,121.08349271925726,104.3274599571218,113.57652710632544,143.44319164635752,107.40827878900268,182.12658938158327,109.79129787139303,101.3687175275662,75.55793886922292
2023-08-07,122.15646797115254,102.86099836048513,113.47513098273018,144.10446384117697,106.64130567226994,184.61338671641292,107.99796007021331,98.19532703863625,77.55309595677512
2023-08-08,120.77768445274029,100.73059105363275,114.67227081612138,146.2644508868493,108.211744905079,187.15931455209991,108.16002500402874,95.87343432634206,76.03820615494034
2023-08-09,125.64689600943865,104.41183168925065,115.12846952513374,145.10753895035668,108.54913712093145,184.37320200433413,103.60133186646858,96.2463100938425,75.03067066518348
2023-08-10,127.21454941225998,106.52236733479614,118.2119332887761,146.71273537340676,109.92643675310359,187.8960408007727,105.5106125090682,94.59513242962932,76.7358220266032
2023-08-11,124.56517030829907,109.39113206410633,118.4488879331944,146.06852950119716,114.38162460805687,185.74809695437148,102.31048993375437,95.63305758756434,75.97531641471853
2023-08-14,126.574540060744,111.13410924349708,117.37241131285505,148.34372353526433,110.91759629612422,186.91149389432783,105.47888175914859,95.76639636654632,77.49563275739173
2023-08-15,124.48686599863301,108.79128714968193,117.60081216376742,150.28811659251303,114.61606052272805,190.20242218509426,104.87739878557569,92.0631017489364,80.28460135958532
2023-08-16,126.8199605085424,107.81320938231305,118.8198575469186,147.5966406714265,114.9698939122721,190.30280126726637,104.527806795008,93.33352759722607,79.80001149097905
2023-08-17,130.13908130156983,109.03015003710739,118.8765585500618,150.92046422749726,113.01820167246933,192.26193401741287,103.30956885204597,94.91235502182667,81.0470659437656
2023-08-18,128.39344168645985,106.52871969480285,118.91362828190766,149.42344355996764,110.12422680131374,190.5068530958788,102.80740402646245,93.0921967296046,79.33909258756184
2023-08-21,131.2524455489644,108.20760897255842,117.18464389534988,151.95783789110868,109.8178162919814,189.98689670864613,105.81664119258298,93.93969234282126,80.69536787302332
2023-08-22,132.72977300833898,107.84981965181586,115.57241541418003,153.1956478820076,111.95190616180948,189.43266909607323,100.64684505036881,92.39626650917346,81.1786104470075
2023-08-23,135.31019949606934,107.20310725137413,112.27257962378188,158.95023918616837,111.77827072486075,186.8314617214995,103.30787795788018,92.64143145893169,82.10897947658162
2023-08-24,140.84923883227054,108.88825426670624,116.14503321811743,158.36699995055776,115.26833469359352,186.39511996977495,104.09926481869333,90.36338161099602,81.21305215526662
2023-08-25,140.58053196161757,110.01908777655552,113.19758996564205,157.3872884898466,112.03811092548571,180.84569624165675,101.67995283378647,87.18601272533328,78.67744517832305
2023-08-28,138.88306093862073,109.38985304258803,111.57228720135596,157.45207033835425,112.12306057881624,179.28625024987448,99.58471052320023,86.57951684693957,79.62669180338384
2023-08-29,136.8289403867273,112.09031615851008,109.91341422252275,156.62330630478513,109.42673991866616,178.4799085702877,103.01319904942392,86.4258746609633,76.49990584921837
2023-08-30,135.0068980709192,109.83491702918697,111.82574139023004,159.254395860507,110.33198768750756,177.77962568451338,101.1579171600456,85.79897646611505,76.16736000536166
2023-08-31,135.2037335126527,111.35269413041165,111.1101691905786,154.23370798780547,112.39936064728349,177.13429472472134,98.91554857734239,83.82726354963937,77.75344148637494
2023-09-01,136.53184512699912,112.84059163094557,113.82735076200295,151.10682802326565,111.56589287603968,177.1280447187618,101.25453440832192,83.2154937526337,78.20736255689913
2023-09-04,137.69698276962396,112.31126445140312,112.2372040162074,148.00066723700812,105.8666298858205,179.03904914553587,102.03126376650799,83.72193451428053,81.41127207413582
2023-09-05,140.38808646972953,113.21229959022762,112.80735590829617,150.93199092464738,106.3937359121738,182.38535011279498,100.20913726603906,83.7053692418792,83.24320342081452
2023-09-06,140.84575694356326,110.54928913899028,110.86628638346163,156.2164621579094,107.42945457080198,180.23405936513353,100.73348152748997,84.06948932341511,82.32103789653758
2023-09-07,145.3627763612037,112.75812367506961,115.56734759096904,156.01510157973408,108.4055473256002,176.11318474840397,98.75758888067969,83.00161311214059,82.5306492878873
2023-09-08,145.02943964903864,112.51027650120575,112.76461193136417,155.61313889515077,111.19326577052,172.6541653683138,101.0207600526018,85.00480378199579,82.61751988969876
2023-09-11,153.35462016760746,111.5028076845147,113.4069658685395,155.95565014603565,108.92257990717633,171.1789980922775,103.2560887680341,83.0646994708941,80.16844452518279
2023-09-12,155.73366359746583,114.00941137539692,114.78775664768794,159.70444438762914,110.513320349085,170.17958211816537,104.44767683373938,83.93282575155268,78.8209750468788
2023-09-13,153.53109885743905,112.57438930116491,115.68034417135,156.8701596021986,113.25959296433747,167.7630454411449,105.29717289585925,85.97556791283318,78.09462256784606
2023-09-14,150.70338611430117,109.57211747926756,115.19382119627079,157.74351533719678,109.34401044098175,163.61555151884266,109.1009029611914,86.86267773813144,75.07045438027288
2023-09-15,152.60970080632194,106.32521256202614,114.83713343621932,160.94633219487417,110.15239470323802,162.31932096573686,109.19840933455288,86.5716456791542,75.29190241386834
2023-09-18,152.3854781325424,107.77338311869973,114.88033854657525,162.68807463535114,109.15181478300987,163.10308506653593,106.71551241236163,85.71753493638859,75.0674243582629
2023-09-19,155.01870070052192,105.17511913011757,114.48514558301986,163.43507845887356,109.08299964349274,165.23983160028124,107.77087315201054,87.55375479935842,72.7059624790573
2023-09-20,156.95097043630335,109.0240955515936,116.63489983044231,166.83794745523386,109.95059451773349,163.5959495696869,112.36416917714315,85.12330647387805,73.43914811234353
2023-09-21,157.19321197726595,104.64802228098524,121.733064957797,157.9513832680241,108.9891237064451,162.44096929149515,110.18484478207364,83.53128909372894,74.6374880991072
2023-09-22,155.00258712469085,108.35561039095742,120.31489475176217,160.2191712627017,107.62521620156775,159.625223024046,109.48745676552399,82.92559074327964,75.12566873959271
2023-09-25,150.77149010756557,108.97544233578172,116.95858327801214,158.25143732183665,107.80635464408842,159.71640360001956,110.49790782844909,85.03630203634638,74.78900330947603
2023-09-26,149.8773700843192,108.92811841637048,116.69359712029227,152.58403272897067,105.56992057332474,157.1979038810549,110.47822848475585,85.74170815581188,75.82324869698964
2023-09-27,152.89409817530384,107.90437037768972,122.65596156444589,154.26612703869495,103.38288104163948,159.18843118366115,108.40719570250576,84.1416894133678,77.00642554560721
2023-09-28,154.00745386850497,108.92759755553942,120.62312404527931,158.62771961304384,104.89097526857633,153.69367159799233,110.93711146205342,83.67839230457574,77.6338793987799
2023-09-29,150.63241508021662,109.00899979747561,124.5171202782123,158.31855889994245,102.58590370923461,152.7726479084139,116.1845271858679,82.70885571811954,76.50879019755729
2023-10-02,151.6060455475931,111.57790998983769,128.6329111992174,161.4623682495745,104.05557501411448,153.87599439616358,116.74484207699452,81.59263521014317,77.08505557669197
2023-10-03,153.22919256866487,112.00018250083772,127.1444014008867,166.79798346041707,105.1223346486174,154.62639996950824,114.73900624062286,83.2471536280371,79.08229953604018
2023-10-04,150.98022492047266,112.50485926886755,128.52768946039114,171.3179234328009,101.5990403336108,163.14023365863162,111.28774751922764,81.02155241517666,78.29680817661149
2023-10-05,151.89735461666567,111.85545374249962,132.64930672557725,177.0740841250543,100.32384100511882,164.47733109385806,111.96209780927829,83.6851859504156,81.73864087300909
2023-10-06,152.52988168746714,111.89584335151397,131.57716143216598,179.84397430806595,102.82011768400479,161.37181948394883,114.53471215894307,85.12997669323599,81.0428309918596
2023-10-09,149.50072884652164,112.75252188684654,130.97564233333776,180.25917519584405,100.90526669410336,161.25736088236098,115.72625742132736,87.046868248802,81.25744377594484
2023-10-10,151.01902045594406,109.06513468721262,129.38643388542175,174.62800181711023,100.06895524195332,155.72221379518442,115.82484730274705,86.30185236236761,80.32706945334438
2023-10-11,153.16586011449152,106.28793189633753,126.69582557556745,173.90831620607833,101.09378321411289,155.65805702390207,114.56404368355284,86.10346042299982,80.84641743112853
2023-10-12,156.9430871990152,108.02736386231162,124.98726257078337,171.11449094828424,102.77879520367516,153.25140894783613,112.16469768030197,83.69574623445433,78.19106262158361
2023-10-13,160.72165540747255,108.5585677652279,121.8652300696426,178.68097770069332,102.36451672578828,156.24100762790837,114.13823851132348,82.87609302320602,77.49353297712118
2023-10-16,156.77539434525036,108.32194626713344,121.88736924862744,178.19537350427206,101.24360439614723,154.71128231236338,116.32688859131541,83.75234998981487,75.95587343799092
2023-10-17,154.30516271909525,108.52436517667417,119.94942533349105,178.77702033432516,104.2249650321995,154.535635759877,112.83538405727458,85.98194317799148,76.31338003334317
2023-10-18,156.35753022150664,109.44157340286719,120.45030033623162,180.891900196322,107.95392513030784,152.75675182111675,116.52473773677099,84.1382206479874,77.98379960321729
2023-10-19,158.433288859114,108.42429278952179,116.64191322852226,181.19436030402952,110.1753104299841,158.25248561147956,117.9674799698721,83.58205701895668,79.14732754319132
2023-10-20,160.54060270290623,106.8991864401763,117.35548233860784,187.48198957134335,110.4734847972623,157.425639269756,121.37578376718851,83.38764645782197,75.55141219318222
2023-10-23,173.39262122225844,107.47824918859878,119.25318846409482,185.29726434013438,108.79811966382262,163.38437931823987,118.22698582481752,81.118186279901,78.78813993907944
2023-10-24,175.89256312752525,105.53639069854468,114.43837522323963,186.1667067331196,107.09990198511258,166.24083417991264,115.10384465082996,82.13435256928564,79.41100736461439
2023-10-25,180.41499183792612,106.5564057312093,115.2372845575267,183.5511740227938,108.32622607629371,168.04310667858084,114.86449930523177,81.0025570728021,78.3365778000575
2023-10-26,184.39856122091976,103.08781655331667,118.00913073580988,178.8521813285905,109.34102230768815,169.48401967880727,116.12291898368217,80.74271650129923,78.73942822466951
2023-10-27,187.35406909523618,105.36431642905539,115.09515246807939,176.80693834609698,112.51540779035145,171.02224748322874,120.39940285689165,80.06940400266572,79.17436879877621
2023-10-30,186.73479178564287,106.51826111730983,118.88770436938505,176.81741664292835,114.09163634632131,164.63397624157903,122.20799191132654,78.86141531128101,78.2767710113955
2023-10-31,190.12951534821025,107.2234753508546,119.8245846794136,175.44070837027863,110.77595015891363,163.91326337133322,121.72482727377323,78.90550675148202,78.74317010639578
2023-11-01,187.7611662244768,109.49166141377266,118.07511733086761,173.1514843929846,113.21733604648578,166.88061130980117,119.33568732787461,78.62048494506038,77.94397057302842
2023-11-02,187.43514296744704,113.30301018522108,117.88438096444483,168.41988645324787,111.07059807378383,166.9176682059832,122.37874872165209,78.09080634381408,77.46950692899284
2023-11-03,186.17796467677866,115.77158833666557,119.14179922313087,168.27468974029534,110.32871029547964,162.42694915552687,120.12770073773434,77.00774679970394,76.56113181759879
2023-11-06,187.04136178342117,111.68282704538451,119.26333670518996,163.3451824103682,110.99112432720338,162.45162359392413,124.1482993325683,77.55376972134198,74.52051537193306
2023-11-07,196.26122367625692,108.99221582460856,120.48878178341877,165.95888815691583,115.53214302101799,168.18325970005816,123.55391538986888,80.17294241710462,74.8869125810864
2023-11-08,189.52057231476292,107.79369692291684,118.20992059952114,166.36528746218016,122.83358627196158,172.57920587593077,127.59556677013711,80.45336689806258,75.91331176097175
2023-11-09,192.69034251243954,108.01163648347776,118.55121823046088,161.6486602081616,124.44693924278538,172.5722888690316,129.4429752352921,82.112505539253,76.84686876348482
2023-11-10,187.05331806808124,109.29191789702905,115.13999110458268,160.77831447574187,124.11542101244056,176.06325120536843,129.20481183805893,79.88689218253138,78.26073626671433
2023-11-13,185.848949594326,107.8694971090457,114.82628975474465,158.48832834506274,125.56634430534682,174.98395875490306,127.97892595888989,80.1948744288876,78.92491981198106
2023-11-14,190.45410293523898,108.43423009392579,112.69302939486,159.6268276998726,127.92110358624784,169.2309355959502,127.22152651237937,78.49094455014534,78.24186330703368
2023-11-15,191.2703131115144,106.95869410515019,110.97890093134122,164.03396620978356,127.22862155892093,166.30504783670935,128.42584795493474,76.22738355949777,79.71228433974136
2023-11-16,187.7213124282722,105.81098923370652,113.66701672154728,158.01335383228366,131.92389550487277,171.70293972231764,128.73960898713403,75.1535357706033,77.7074924257795
2023-11-17,185.59892134381516,102.99290167407545,116.09110252770617,158.5032776462347,132.6628560162635,170.96807489771103,127.32653366548516,76.9976522309189,76.46312911793697
2023-11-20,188.6783702908458,101.24566160780782,117.44736729739769,158.12244880923234,134.1161592675042,170.34101877929447,127.01934207894669,78.51453035527602,75.14154028503765
2023-11-21,186.48831768597427,98.66048605660524,114.82285844422627,160.3720255057222,136.0364994877443,169.52393312538143,127.33327553916662,78.95107855904904,76.91496488316604
2023-11-22,187.8551226034286,96.88287419632246,114.03882856240689,161.18413862815615,137.31955932200992,176.18329632257922,122.02670178727708,76.58617706781301,78.5190857220791
2023-11-23,188.5899060426868,99.06979542019184,116.74861396087321,158.88897535883643,139.76093767776942,182.12405230603778,123.25470069712081,76.33913969731684,79.44137912713035
2023-11-24,186.6979707941676,97.33726503954736,117.0211447187382,158.00220348067805,138.1753409327194,190.42446611464723,120.95052500136649,76.85320747762958,81.30337362178429
2023-11-27,195.26346492601385,102.60784835171525,122.39084610135168,155.61312845541167,136.77064556975557,190.04725348841438,118.26945728049125,77.17681516829681,80.03620723747498
2023-11-28,198.32487981639844,103.77412589149827,123.29242074130566,159.08643569972966,133.89804012192857,191.39896263560652,114.38467378848193,74.38487660689891,80.75428427705326
2023-11-29,190.88713125364882,104.3134112237277,123.70433854040073,159.28151273281154,135.20890523027498,185.82296517780603,110.38374383128709,73.11242235520619,80.71362541812994
2023-11-30,192.17162723253378,102.6791167785407,122.87770541640818,165.4654285114032,137.45049717318068,191.534919424709,107.49070180152916,73.06990343973447,82.24215116709189
2023-12-01,190.20461047793125,104.27127945148855,123.14445056287754,165.39705550317856,138.84636983125324,187.2913500828601,106.06318022659666,73.90478687162285,82.21710969439268
2023-12-04,194.01795931743146,103.22723651781605,122.70736205302622,163.18600528067077,143.63516011468863,188.32810346300107,110.30201460745513,70.71043305120833,81.7485660801317
2023-12-05,191.52474806763462,103.63397209247061,124.38381132726603,158.3762139875684,143.76271957359302,184.42103910807165,109.24117466675472,70.53065322406088,82.79643312774974
2023-12-06,191.65982495091504,109.0956576424756,126.7015850309731,152.79142625443475,145.82928467516916,182.47035571333288,109.727844332072,70.78181114496694,84.41289963120414
2023-12-07,194.17051989560446,109.0497067702687,124.64651202917769,148.07281159318384,142.7910748029113,179.6338086678079,110.70547857670005,72.0340999191215,83.45338631343454
2023-12-08,198.11511417837792,111.71983971503099,121.26551788597754,148.98235372779322,141.82837822627008,177.6654702728066,111.09530619071447,73.08271123811849,83.51835365414696
2023-12-11,193.953522326278,110.31624432447448,116.75151721674683,150.6173606379959,143.94314644751014,175.96299906533977,111.02321986664965,73.98538696534746,81.9174059782072
2023-12-12,193.23782903497994,110.40452271363704,117.87931662113822,145.97475912239787,146.53153818346945,174.24465423523904,108.46903351810334,72.85349857747123,77.98854721959756
2023-12-13,191.98199450530316,114.48021747767436,115.21909493246042,148.70459897574736,145.81656114132628,177.3578274067345,111.71426982560237,70.12440340682096,78.45719542263942
2023-12-14,190.04939150605665,113.21643130135325,110.20040327282233,147.38689465550019,145.7535705687429,173.65153550842047,115.85260573795112,69.622238687279,79.56956994407592
2023-12-15,197.33000976251904,117.4902351013792,111.00173344963598,147.93751149509816,141.47461377428598,174.62586449991412,112.05806519748066,71.06569125458898,80.14575994987702
2023-12-18,199.52030069135793,119.32954927983366,116.48077794139408,152.8260196587977,140.60587702225513,179.08915893525284,109.86390420412579,73.09597342307441,77.18106936100455
2023-12-19,195.08742267931527,118.16616546670652,116.40839466244378,155.6894881328697,143.2503450111284,177.46590782018848,109.34796058490488,74.18590617041752,76.79385281576653
2023-12-20,199.25395137987988,119.83799866561978,118.30233776497626,154.97789174096707,145.04156169632748,175.130744355817,107.33696893382148,74.8748570646468,73.5403310938071
2023-12-21,208.30867338802082,122.34873524035042,118.43679868437347,152.3395722097438,146.63895002036278,174.53346226504073,108.51974838371943,75.49577875277149,75.70197721512358
2023-12-22,213.2350287830774,124.05381159195342,118.14333680609194,145.90531111325473,146.9315641949203,178.8609329224896,107.03677783406432,74.70893344058402,74.20905158495614
2023-12-25,207.3950759009797,120.34404507817497,120.25592038729255,143.92346958650143,147.09925177802313,179.76993148119044,111.76792344067714,74.56689637770522,76.22071591241304
2023-12-26,206.0087058827639,118.77442856448253,119.49764777757073,143.43087643203646,145.30369611880604,178.07572825209914,114.52981745467376,77.10823989275917,77.81505457226636
2023-12-27,211.84662652665986,118.36461251739544,120.07695400498983,140.71378063768094,147.47984686309073,180.0127528668916,115.1198155888612,75.7086358842153,76.56909493281388
2023-12-28,209.48381862649458,118.36595375629616,120.78948538154943,140.4569583806992,148.86902721739486,176.2602352832195,117.58795280780441,78.20668591932237,74.98750675323785
2023-12-29,211.97172985414804,120.01283158286076,119.11512459718126,140.78521158192814,150.48282359007848,178.87367931802203,120.29459330352059,77.7577355047551,75.6629495460924
2024-01-01,215.89165544989743,120.61937883617722,121.41891199629713,140.26471181170743,149.05012224504094,180.55010958370056,119.04606176308359,79.87341790697893,74.53659450466589
2024-01-02,212.5369993363282,117.57893976283137,120.9333340742771,138.55347508763543,142.78005185843995,179.65527265130268,117.20985424855363,77.68198683608567,74.83844481798526
2024-01-03,212.92158352310113,118.64937337690337,119.04497177028064,139.13167168552064,146.0558623319148,176.8577317732533,117.49852585780147,78.64664827571252,74.26544038739715
2024-01-04,199.75763278028612,120.27625975838463,120.26282526804182,140.47273585007662,144.80317784316415,173.93363351694785,119.62909402016022,77.54281089466708,71.76840098717177
2024-01-05,196.2643206729806,121.80326417453453,118.0416478973465,137.52168720722074,142.44932757301714,176.00280832873818,120.06947359487819,75.40221493771728,68.71039532543438
2024-01-08,195.86171130186335,124.61882147538583,118.04915807850794,141.51238058494664,144.56748899435448,180.54009209511943,116.39055337156063,75.78455550491523,69.1593274026475
2024-01-09,191.56143744870255,126.8841976296409,117.9686037019413,141.3465616634752,143.5786108232057,178.45554821880336,114.62648124376194,77.36765210963861,68.52090693677334
2024-01-10,198.39026287882174,128.23977784449366,120.47165107343595,141.51292550064412,146.76587330567662,180.30572788623573,114.56006009565436,76.11438676063297,67.89998443319789
2024-01-11,193.31091118890842,128.25217680626525,121.55516884543304,143.63056573938036,148.72374751947072,172.99603624555348,114.48979902616563,73.88573321987155,68.98076727890614
2024-01-12,192.18953590873417,124.18411796520282,121.43354813709126,144.41540948943037,150.90573109570465,171.1809004865968,119.10955899311519,73.80173287801958,70.7376277854562
2024-01-15,193.26864393392142,125.43742933424586,123.3589166281993,147.2838941627411,146.93402592193897,171.27998364524083,115.91506934443059,73.72433651546389,70.49351969993546
2024-01-16,199.419508548043,126.14662166988954,126.7271271125876,148.2474965812543,150.642476127155,168.3693084099552,117.19150114738466,74.58443356582195,70.15430670622888
2024-01-17,194.29098858306835,127.02101665897905,128.0775575009866,146.5502484264545,151.5802271415742,165.41777296715037,120.78720150928211,76.05314213376602,70.99635907448244
2024-01-18,199.39370625462112,123.96807014159553,128.04003748750162,147.72705725371551,150.61230511581317,163.40702215342947,126.38315115301229,76.01600510873524,69.21160209368485
2024-01-19,200.0326955326455,121.47369238624069,124.61666626140632,144.4660527612898,151.19483877279777,164.55803745262756,125.47471557584706,78.89017530144488,69.65892090649596
2024-01-22,196.7061171960888,124.21451023964912,121.89973965063707,144.89528944714806,145.97488161835807,164.1389771850331,126.82088223597854,79.29919679025718,70.56711437352024
2024-01-23,199.11420715098006,124.3025655237334,121.09465354089622,144.91490829645068,147.31391741555444,156.988324250824,128.38017125325132,78.80527935454631,71.6682862606219
2024-01-24,200.50426204162954,126.18326507381161,119.55793283513724,144.42765551735593,144.42841634604483,150.51820697591208,128.99763297085312,76.32044273143916,69.03554789116355
2024-01-25,198.69885398736133,126.44400607465691,119.05107581903103,144.1719102133066,140.6655642179362,148.87194365533958,128.85871490071892,75.97294122378801,68.12240742312417
2024-01-26,199.57234243519233,126.70892179343205,119.12643497120285,138.8610523090276,136.5233595047202,150.41332382074137,130.09827231251592,75.51499617000127,67.06206409529845
2024-01-29,198.6331007205413,129.27676376395132,120.32887994284914,137.44821078853315,139.69804196493436,142.32859309716855,123.62654394245293,77.01820492758485,67.33016073026654
2024-01-30,199.67996606815933,128.13642706116946,120.09905472285392,137.81339666801767,138.07960272731745,141.07686955088792,125.42424570770181,77.78451084171482,68.11219324824674
2024-01-31,202.92329057878482,128.57496316023244,121.20757294638533,138.3642544325572,142.45321258758776,139.76133379024213,125.85364289667437,76.0042269947437,70.28730220491569
2024-02-01,209.96885547543118,127.57908504067007,121.30326490663761,135.63107574264137,141.06913300575675,143.8097661834663,125.40692565102924,76.31927118335253,69.73208104333288
2024-02-02,205.400707970289,126.66180104524231,116.4500023899317,139.172966923883,136.39309200260018,142.87493996852726,130.65360578804527,77.39771006524616,69.17760988987892
2024-02-05,214.7794413997729,126.06858778697978,114.2040652116339,136.87334282740497,133.4837606813814,144.14078046055886,129.00754276877447,79.8172110247819,70.90659635812474
2024-02-06,207.03841318107715,126.8177724864534,113.81785548683176,139.63669845695077,136.91646009270832,144.7209676854682,128.0836526992989,81.28984490154762,71.46899477623093
2024-02-07,207.03102151620627,125.79372246957664,111.00724933061096,140.94144802154003,136.6264760196412,138.72787999317237,133.30063641656295,82.58372992343554,73.42388835040688
2024-02-08,210.08811282543613,129.1417378042783,112.28367446817137,139.23259692394825,135.26489127234387,141.0257886203397,131.20232095985622,82.74078104541154,73.99472678024031
2024-02-09,211.8990381881474,127.02482757776424,115.66509919395253,144.28760591999531,135.83305312204766,141.8025488076449,129.87687501038485,83.44128436450426,72.43030567270951
2024-02-12,209.8957467161077,126.74061805155549,118.42663085376306,140.9584959888899,137.33205979632118,143.41418763791108,129.61186014704865,85.5848991382527,70.64398839930467
2024-02-13,209.6517544533165,125.81609325659015,117.8618711366558,143.66251458356052,140.53848547615462,154.8478484859146,131.90789402355253,83.3634961849087,68.59317610962532
2024-02-14,208.21353949870948,129.6458794852365,121.31693563791654,146.65236803238543,144.75042172128133,148.57925781043747,132.5748269505295,82.83924095181199,69.63860722375034
2024-02-15,206.3839056752226,130.34999864182168,121.61699477683442,144.80272909258207,143.85363887900132,153.88263588320305,129.2667526605734,81.6172482458771,71.43332898440491
2024-02-16,210.50994137330943,133.23554232615055,120.73627862366988,148.95122678817688,140.1823568184807,153.1826314069946,128.007258697498,82.29328900393458,74.21831752751285
2024-02-19,212.64457737782666,129.47680680044337,119.19471138648244,148.32549306753498,139.16332876032732,154.24672651779784,126.5675497092604,84.37567488703493,75.61823134783798
2024-02-20,210.3356417490553,130.36255832424325,118.41405829110695,149.3005659601568,140.0269221232376,154.29142029253535,126.48598693440135,83.42733569280992,77.52810374205828
2024-02-21,214.75100701663493,132.87759309135967,117.43553941360145,150.19733037013157,137.46790512323946,153.16744946849275,127.67708943147332,79.49740033033764,76.78380862134114
2024-02-22,216.71511766896447,133.2955834498942,117.77708006388451,149.9140319461427,134.97382240521443,151.60565328302508,128.85990468586695,78.89763895873527,75.16149602339277
2024-02-23,220.88845321662794,136.336003390044,118.0964302162983,152.4649939189931,136.03684351700724,152.7866878093449,124.3987444931311,80.39428572014634,76.58968370270097
2024-02-26,224.33267339613946,135.13000659739876,118.04457648331986,155.00655097320393,136.04051011377777,148.3339529557976,127.15776182452198,81.3150091607394,77.38266380416081
2024-02-27,221.28625807568366,139.14160418510096,119.0171178190203,149.70987800522207,136.26578502361136,150.73868119784007,127.9145255934347,82.0682890404163,77.70371576971453
2024-02-28,219.47090952530806,145.74776404694865,121.79175501945124,153.73509828039803,134.33491156424193,149.664835700991,131.57168386720642,81.66616541819229,78.46112726982196
2024-02-29,223.40950639786095,144.9087275151372,124.04381643476906,148.74641897560159,133.85022928446278,146.46180066466815,132.8589768205395,79.63426102040349,79.12519946977986
2024-03-01,226.80698531146297,143.83494653679048,120.29794630609645,151.9371671172355,131.509903148295,145.31936095537932,135.90496272595286,80.51070665332927,81.315095171091
2024-03-04,227.39259371709312,148.2316485278682,114.09316798181459,155.4824845842497,133.98281118803902,149.14750660492626,137.29539365565816,79.22369178650847,83.58376288292482
2024-03-05,228.60835905833687,153.13684766326733,116.1681117694592,152.21434714855974,136.89090632216377,147.72960574432017,141.1155714128931,82.73979249950409,84.66069010641222
2024-03-06,235.13588164056455,151.76517020821458,112.93427336531816,151.08548205347245,131.97327063443092,148.965965505128,142.71652936561262,83.74178331502823,86.2621365843283
2024-03-07,233.05929608414132,150.7174234872109,112.37013188182723,147.86523198217577,129.65183213886903,146.96697251665438,142.56549175915546,82.82791207665451,87.32154353970004
2024-03-08,236.30859658329308,150.09410261792559,109.68423171478764,147.3479372077317,125.90092877557099,149.3711224774243,149.17321616996048,81.87309634479479,86.69078557007839
2024-03-11,236.0619251343208,146.28336191249446,105.67641280170943,146.5580512302173,124.39005736298299,151.5982690325983,151.95988260101302,81.77821491258085,88.17591086127437
2024-03-12,235.7423860317363,143.8151170521799,106.76797137095876,148.96060823581163,124.30687034337649,157.38510494035955,153.84036919253026,81.44373886999824,85.8930452252325
2024-03-13,241.6301787259095,141.14262728961188,108.33565651369946,152.9834644783739,120.82716000634065,157.02134406656523,150.05188267195726,83.31993185471636,87.87527041095977
2024-03-14,246.34397926067257,139.18696191923902,107.03235603044851,157.37618214377713,118.72027310346884,159.3096312026382,146.32066969714145,83.68889945820848,85.95164042490099
2024-03-15,251.09107521644054,139.29918868012035,101.43233263037722,155.73264593456827,116.45519150861718,159.81326483121936,147.30896480742322,82.52289258707023,86.6148489325275
2024-03-18,258.400229989303,140.16065590752592,100.27347949260917,155.20557853160344,117.05439383089848,164.1469907542604,147.87027441576544,85.70075128394795,85.32402098171636
2024-03-19,259.2839786294422,144.71728021254248,101.00909377087994,150.10416302351175,117.33378941147706,161.98408367751205,146.18714821848576,85.84525703096354,86.43901648773766
2024-03-20,263.5982201580411,142.0447745035629,97.97091887741159,147.80495731718833,115.75743915901597,164.59204463675115,146.73091382797102,87.22537350286827,86.55324525744648
2024-03-21,262.75329952227037,145.0541987279265,98.28121221449395,150.77539837198987,116.2825632251494,164.1486425692534,151.5249852680874,86.22537557859599,83.96572567650767
2024-03-22,265.24507499504597,144.65098041930145,98.20197819767583,155.76782156715603,115.12745855837558,164.13489289750942,153.76877474906118,86.91192896911558,84.84014412406681
2024-03-25,265.3504141357143,144.7248574080024,99.29062863285549,152.0469991278775,114.61708676780928,164.63305045314672,150.39813703587672,87.51355070843034,84.02920677233935
2024-03-26,266.6612237677276,146.89520778971345,99.47844751757886,150.36698847328543,118.56782792328748,165.6611522319152,150.19808096190192,84.26741181102612,85.67810638588392
2024-03-27,270.63531345377015,143.8171009084484,97.49272054249063,150.40787098101862,121.86510685774171,165.47485287046555,147.91517082151344,87.7228393522078,85.85173424866412
2024-03-28,267.0184311725065,145.13276778091756,99.77711440263708,151.37096614639609,118.8194998384295,166.38401534179997,146.90136048799164,90.04862527388086,86.70238926423902
2024-03-29,278.99360582120096,145.83362032621307,99.4108733785535,149.04105357919195,120.9100871561106,171.8351485422221,145.81835763242802,89.39632146788917,85.2153237170659
2024-04-01,274.2171383029965,147.48868976999293,99.3068805794666,150.42433651903173,122.99311780570163,175.42804858264432,144.55660426658318,87.48812169167432,84.38135162694036
2024-04-02,268.38076318273073,148.5629048928985,97.40362854397037,149.1191366002519,120.29154128459707,178.68804412251097,141.05794306507613,88.1575136321345,83.77610336974332
2024-04-03,275.4021990738823,156.08107967361988,96.49138073499454,149.19532970642646,122.38167332061452,177.27448043694397,140.82476107788304,88.37208496403697,85.37907948732112
2024-04-04,280.5889186079469,154.32441838727067,94.73561833353651,150.9447471400784,126.26834862650537,174.33441569731843,139.37255463250395,89.06256955434179,88.41409588049488
2024-04-05,284.9331074547398,152.9169890899302,94.36056748586586,151.08489109564402,123.55977939625703,177.87445228886924,131.33229497986403,89.46616085650136,87.16715342307866
2024-04-08,289.36863554730206,151.24058911194933,97.54374287325493,149.8871327136029,121.41601025245396,181.20442849962905,136.84292459549113,90.43461592472887,89.2188034786995
2024-04-09,290.16586481497257,149.78723626081714,94.81856355514589,149.67846043521894,124.00863416454239,186.75896277718098,139.9458917015037,93.11565085687957,85.52572062277207
2024-04-10,285.82931059619347,148.10246799065905,91.7112427942742,149.53368256970003,124.80599805225826,184.72709762764308,139.01860819408404,94.23881780646803,83.65409388224772
2024-04-11,287.1201418201533,151.84654734741943,94.36384435480703,148.54672727796216,126.30735498897873,184.10069300741534,139.19604890350817,92.32641911250595,82.21728721028971
2024-04-12,284.09296691272306,156.38829047943258,93.92161069481894,147.89669849695213,127.29404080519402,178.28501042911196,136.05953223097686,94.90705858601794,80.15772987722708
2024-04-15,290.4857389766971,154.83771217161268,92.61784210373287,152.74370862733252,128.4160000960202,177.09951813688315,140.796371040951,98.08761157690931,77.77930832927542
2024-04-16,290.5028347508747,152.4923680868151,94.49780774548464,154.5794419286292,125.13761119698495,180.84188070290836,146.26571503570938,104.3398272378772,78.57732234047039
2024-04-17,286.5781577401848,154.15885212987186,93.30597202477726,153.78960182893528,127.88392552760018,179.37165292537497,146.85573258331328,102.06836165032361,78.39805965541044
2024-04-18,285.59584896491145,152.68748899554632,96.6668712637485,156.056320317651,131.00324464291697,181.884577299495,149.99412959410446,102.63562088661045,79.14974871462186
2024-04-19,288.81126669676945,154.84933562820916,97.92919728673898,155.13927254947234,130.5332292522806,181.40984725408134,150.65496406745012,98.43351595825092,80.40106300406767
2024-04-22,286.42150045359205,155.71005953090133,96.92461723716059,158.903338025213,130.55025874838802,182.80328179061195,146.76286707587283,99.59138774565663,80.98898290213612
2024-04-23,282.57073296691914,151.22329249260105,101.05808038520884,160.20520825993785,126.68307939453145,178.82661067793805,145.6861460890821,98.56918114793837,82.21639228047833
2024-04-24,284.79562264513856,156.1305040652311,99.7833035974284,159.9895651800071,128.11270999563843,179.34595695226682,146.20166516136976,102.43002911430875,82.26649119060222
2024-04-25,287.04531765599705,161.9725255481269,101.2143865016987,161.55015755783342,129.70657928825747,168.83220923909877,145.00413399250314,100.91485345606111,80.47802855053628
2024-04-26,284.9961403128061,160.23038569994736,101.7696336066549,156.60389188646948,129.67495418599697,168.40372606456995,144.5005251303146,97.57622067874175,82.3416006045425
2024-04-29,283.1662467529304,159.228299868797,104.36830347130699,153.2000515823318,132.72063854878456,163.11425514604312,144.36642992179696,96.7248413380033,81.53611508677652
2024-04-30,285.32991968960545,160.3774995217293,107.57556480864797,149.66442417228225,131.966580318928,167.24429019775332,144.2628369088411,92.97097390221704,80.17348956713697
2024-05-01,277.92227367141015,161.69085264453557,107.59063431448305,150.21202563096438,133.58872916460655,170.0453221641429,144.5434526238939,94.43266253960796,80.04855060707902
2024-05-02,270.93272984672683,164.06300062255528,105.91562486583756,155.53708700164287,130.9980046301642,171.83648090020145,141.60747136790823,90.59853959491791,78.74726388693315
2024-05-03,267.85252695413647,170.90509889339086,106.83703179221014,162.60251517054704,131.0672969394089,177.26997182732887,139.7042212159801,90.71352287854631,78.24732840580812
2024-05-06,267.51263735585525,170.5566328734553,105.33551130622854,164.80757146071556,130.74132141048426,174.11840769525955,136.24071812655617,87.00730974340452,78.94224906641739
2024-05-07,269.978609324863,168.08937002155278,109.52446705408856,166.5902767497864,131.46120384093243,180.41231173822092,139.02770062656128,86.51084985443586,79.65011117134615
2024-05-08,278.7548375470542,163.7045260746736,109.76878400797932,160.72277484368928,130.62109594645185,183.99238321412847,133.29796050401697,89.41480826715129,78.37916610161328
2024-05-09,284.37263743842226,161.55695174813692,108.91188156678656,159.10695228499984,130.40825515172713,183.3426866528391,136.4933534688961,90.12234387423196,77.77140562511653
2024-05-10,284.31611251886306,161.69224932059646,109.2597032180047,156.72740041031258,132.693130812893,187.72685085285477,140.40074705325787,88.62902816294692,79.59799619417551
2024-05-13,285.06092857030484,167.73810964434045,106.26134099457197,154.90670572814315,131.666711662381,183.7985031297986,139.67858012245878,88.6357577846617,80.54744128020735
2024-05-14,280.2004723239627,166.2532539921894,104.14331011084882,154.50969899221525,127.56772389631652,180.98817195959222,132.5322409987324,88.72974159724234,84.05135975095853
2024-05-15,280.9373259519493,167.24674337646198,106.59154001332203,153.17445529026816,132.15910034871519,179.00240693629277,131.69381404615052,89.63057978551441,86.20329002412825
2024-05-16,280.1582382071821,167.44267997382713,105.13785678688534,147.23343144829153,135.94269401331985,177.32344416543427,131.6432853387625,87.24307503965348,88.34853314940996
2024-05-17,282.8069581878252,171.6735990851682,102.88388831917527,149.55356606192126,132.56516326442176,173.78918349496158,129.10099489898843,88.33809301494735,86.07290720296942
2024-05-20,278.97644572509114,180.60726116769075,103.93670481215958,146.46455801542191,134.52635298382768,178.24890266669573,127.88688164977947,83.62191369003038,87.5600066406188
2024-05-21,282.7110839551208,178.96059695711045,106.34950011410868,147.28255338600655,133.3076121063085,177.5399910935684,131.91581768922623,82.6270059961644,87.64212601571516
2024-05-22,292.2256627972892,177.4772303563978,107.82553186794388,153.50990325940418,134.14341674834128,179.00471366173105,133.78883013152276,81.87795278620143,86.85162593458529
2024-05-23,292.4666896563063,181.4497418121069,109.91960653176685,150.81001838775933,135.06692476420312,177.17760765749597,131.43531305375646,82.97237743241769,87.31717729659852
2024-05-24,295.6938356764435,184.1964971195564,108.2009143612864,143.29881224583568,134.568776874378,170.93881804099442,127.3539858957009,83.06801280961884,89.14247571420093
2024-05-27,300.66234366503505,191.27593227734775,105.0699896203038,142.59376998977805,132.5939379117705,172.06721033557767,126.63566530591653,80.79101382333634,90.21366802438928
2024-05-28,299.1516929479584,193.79667433638866,108.17235685004516,145.84764470499022,130.89530070135527,165.69296340656416,126.20901257934983,79.2559956681372,88.80908848279013
2024-05-29,301.3899009330122,192.69477710169525,107.42016989810921,151.67673009499595,128.62769167651527,165.66435139292236,127.57509688026725,79.62640650462559,90.30544864679739
2024-05-30,302.3699750842939,195.26014128623368,106.82756930828702,148.06819023954853,126.61641195759292,161.3295281464055,126.32405283811059,79.55622802308788,89.3345069633154
2024-05-31,303.8677713992376,199.88274385394647,109.61191055849771,149.6575518933006,126.57291088860059,167.93524956523285,127.73003847335853,78.69045878830705,89.900321569241
2024-06-03,300.08151950763596,203.46257256294737,110.77649328402602,148.3845334581741,124.88756729310236,171.19777038856836,132.78854150775993,77.9888014795065,89.53469684009458
2024-06-04,301.1288650728593,205.83199200906114,111.73113801182937,148.18881914245904,126.71605132547715,171.76530397855095,135.07383502248612,79.129259795079,89.32184376382122
2024-06-05,305.0314848730972,210.53185552075038,116.513235958705,156.14461255780645,130.61192657986595,176.3126415758668,135.06549149189286,78.36535767508452,90.86933215738274
2024-06-06,314.799469116713,215.7711327102067,114.95541151232544,151.5759138555899,129.22730107896106,173.53989263386092,134.69230426643986,78.28214738852945,89.16063664901803
2024-06-07,321.7834264598786,222.0593896309073,117.03113868139383,152.46639100812334,129.9752803294469,175.63444756548404,133.85270481402725,81.73429080793909,92.80765454689737
2024-06-10,336.60594531868566,225.27352114906748,117.10606933058293,154.0145139208942,131.40418985553782,176.54708080544273,137.1338118392763,79.46423099827896,89.61305531960615
2024-06-11,332.4498881187633,224.85848586277805,117.67659201652204,157.48226259318065,132.7760555657958,177.69117679507875,135.53671458870497,76.5767507880911,88.7211048870002
2024-06-12,339.2472957447491,225.8555699393071,121.21505282901545,157.91686057734745,133.11053243882841,182.426126021899,135.78128437988798,77.8304495232709,89.55545925513292
2024-06-13,341.5090032248464,231.64428869956865,122.38559206314314,159.01612154776225,135.22082001408364,185.31755130616037,136.04252187332926,76.82854894740981,90.78114064413107
2024-06-14,357.4902785741612,228.20698548423513,123.64199295390671,157.89776572097745,136.66024281074596,186.61004361170535,134.7996804024902,76.39333438213147,90.78027691500851
2024-06-17,352.78357382583107,230.23197245138917,126.2323108502832,158.8739747879127,133.41411811049701,180.65760333109887,131.22084177048833,75.25330690821286,90.85763859062199
2024-06-18,347.91712309722567,228.76613699798995,125.24781816683172,157.91058754924737,135.86668602522522,177.40559919925443,132.1865602527841,74.91496782848913,91.78538609332415
2024-06-19,344.79009517034694,229.2408030455167,123.08301066137385,159.99997166591206,138.41361802325005,177.1831008804605,132.14425005298517,77.3624969307753,91.54478084145408
2024-06-20,331.17850127752456,235.4461308828677,120.44950393270732,158.9452187773566,136.43904781594873,177.7266007377352,133.58525791162984,78.65774388698547,94.27863986173844
2024-06-21,328.6896615789698,236.69917080280413,115.65234566583797,160.27114104457468,136.67901090665805,173.922527336072,132.2798619526023,80.06921543113323,96.04985099864012
2024-06-24,324.6853494113141,237.27404940787844,120.35062304805344,160.305558266621,138.68362453478989,182.52013241955638,135.6287152858754,77.8573400973418,97.91864367787892
2024-06-25,326.6360186417744,231.17678901834074,117.63501145320082,164.0440449949603,138.24174017603494,188.27460545376204,133.37246709879065,76.11932487598749,96.22238584658078
2024-06-26,329.8485229231975,234.97388426562145,117.05565049658273,164.0066635448601,141.34658896608812,190.76780676447407,138.05928304821919,71.8504333868036,96.26205174617559
2024-06-27,343.21511209330583,238.35978359751454,116.34907145364238,158.3220860863496,148.1704418323583,191.27157441325738,133.35798753144695,70.7376414347791,95.87610647559362
2024-06-28,350.7687539127692,249.0299818271786,117.00622659488995,162.4445446446238,145.98941431959892,190.68930942700112,134.63761093718975,72.14065632294465,94.13959579719267
2024-07-01,347.7738646460191,247.87060663477644,118.85665014423763,159.63187485666836,142.10304587864528,187.28772312286443,136.03900181226564,72.93701200096964,95.00598920273266
2024-07-02,342.5682833937671,249.328831037974,120.84268174645284,157.67234142941987,143.1086198811244,187.8026913886074,133.99690112574928,72.66493759900406,94.17440983996765
2024-07-03,346.9663063669778,250.9463951313219,119.37304757872916,155.9200930839491,145.3169647863369,188.9961870332949,135.25484778736106,72.68339408082713,95.59720403730759
2024-07-04,338.8456764984191,259.23993900491337,118.9143644891145,160.33087946692265,144.79130573675627,184.52922217824892,138.8377992087596,71.73286166933185,93.74225202144191
2024-07-05,352.2738512178119,259.13471075335207,119.52696361146357,153.61085367085553,149.1444872228554,185.98396353175312,132.8071882500388,72.07683348423828,97.15267129276702
2024-07-08,361.64039104361115,260.9694960669712,118.87269422586115,163.37358697099197,145.30071819821296,185.6296304224993,134.26207720526708,73.23132889206362,95.60535439236922
2024-07-09,359.33185489083627,264.53379922710354,122.63464786221853,166.95492161941397,147.45965038799937,178.76947374128568,127.68787868729588,70.91592008666413,96.21589465449641
2024-07-10,348.0981742951935,265.917888332324,123.77754134435395,167.83390226492625,145.82030954212954,175.90778559793637,125.33672397241719,71.39055706042134,97.93211548359501
2024-07-11,358.56807885159265,263.9424714835857,125.53487988459834,167.7839079000509,150.9805342217326,174.66374627074882,129.53341452364708,72.77187134756394,97.01029922436288
2024-07-12,358.82237644286363,265.36295703912725,127.13640685345433,168.87636259829898,157.14813540528087,181.46755472667553,128.1427903308427,72.21865916101166,98.85828458638794
2024-07-15,368.7819673854334,271.45904339296357,130.05666364557052,170.7715688918395,154.89571047535958,183.70524248404018,125.24963375908374,73.28128539603733,96.62570151715524
2024-07-16,358.12838991031094,266.29309473392567,130.46249651320625,173.11187570467618,153.34812532556768,179.0189894653318,124.86652586821819,77.45781220854691,99.6251907475694
2024-07-17,354.90971084158406,267.40071249671325,127.01350659518155,175.17399983043498,156.13779727131163,180.97400676019072,130.14315134684662,77.35038938780302,99.85263359348757
2024-07-18,356.01166077312325,264.05755747048806,127.96531520780293,175.62798315515968,155.08502053029602,175.5907395172189,125.49266218470946,78.01298372971209,98.8612738648567
2024-07-19,357.4142085396485,270.7648656846385,126.23431074566209,175.0753225665318,155.09925355751977,179.60365886105373,122.96697198881984,76.91603211313739,98.46744658979998
2024-07-22,355.2692552796719,262.92250302943785,124.83660234090246,174.68569844595828,155.33310731257993,178.12686902676438,126.76033506042418,77.24869574048145,100.25742578206733
2024-07-23,360.7606516778327,260.37782416233233,126.23817787645888,174.14449322298887,149.5246644923579,178.00703884704234,131.58407879216614,78.0138774818245,99.28602097271883
2024-07-24,354.13982479589356,262.7327430441257,129.3014307601816,178.23260519657313,149.63280747000883,182.9406700005052,131.43030641574742,78.3724953253039,97.99657814930231
2024-07-25,354.1937993526818,271.3531306087365,129.29178895093148,180.4910144996115,147.71832221301358,178.45070749176494,128.29161216435486,76.82903473848928,97.75837473564
2024-07-26,356.10854008757127,271.4033295210396,130.02573451017653,170.02113275733754,146.4091750158298,173.6785137690946,133.78465744912847,77.19990657676341,95.65273341971493
2024-07-29,360.8407869510542,268.7967745134604,134.38735661232937,172.38748952358355,150.782803603932,171.85975471288913,138.17130222488342,79.51157430868562,99.32683890865925
2024-07-30,367.0589027642208,279.312948727607,134.96724660177284,173.19680118974134,147.144393762194,175.63509711124925,140.17187618570122,80.28066712925632,98.40032890007015
2024-07-31,359.90388162786417,271.64293750422195,141.92260310749705,173.27055269527978,149.68470984012222,170.50884931754334,138.0205116449038,81.88144306241651,100.2337568634497
2024-08-01,349.9409203745865,260.10459972931704,143.45681382575185,172.06279299545548,148.999264844305,161.05530809428294,138.00938901122265,81.5506224300062,100.85414384586693
2024-08-02,359.932971195639,262.7837522770358,138.3332171122083,176.06880271470206,148.31458292037735,159.79534388518556,137.69097352519702,82.83080449141549,99.06996535858941
2024-08-05,363.40498550326106,260.539294047013,140.34829390429053,179.5462547514032,150.80737106559565,161.75041051499284,138.72600016586173,83.35142564872056,99.25630663259808
2024-08-06,359.05512568043645,255.60867744342596,141.34801833785065,176.91454594242975,151.98382327188898,165.82736762252483,142.87668608094847,81.82457634699276,101.01116365114481
2024-08-07,371.2712724078917,259.6133315526453,144.92342424738933,178.496346990213,153.870285993682,164.49026387449018,145.51823894883785,82.40311047594138,100.83285604789538
2024-08-08,373.2440195982999,261.26862986071535,146.80215746657618,175.17040051492398,157.00365329189341,163.33413876774964,142.51364797572322,80.82641485895265,103.4406214783487
2024-08-09,383.1670640827135,258.71301178578057,146.32224364458338,170.4771715056611,156.12032441466508,167.29956738733367,146.5653008692597,79.85992447627619,105.76082646288653
2024-08-12,384.83398244082633,252.47645316380465,142.66624122628176,168.4767336472261,154.36479278688125,161.24418731849642,147.61509576629928,80.2182213098414,107.91605200536605
2024-08-13,401.84940100292886,257.2606664791692,141.9984968567512,171.5173797410586,151.16897685617474,160.18474601026386,149.7763750175582,80.75126220286008,107.13979722655216
2024-08-14,417.16260252777323,260.9919812466316,139.51204508744996,174.92414385182113,148.82461652696628,160.98702775431482,154.3042372294317,78.88714763425014,105.04019480316661
2024-08-15,416.33691969304374,260.865787114909,137.82248879083667,176.85910372356997,157.75139808246095,162.62657992264542,151.0126801925284,80.60528726030816,103.96124796085063
2024-08-16,425.6759475917944,270.89157406537106,139.375964357357,179.5653868260623,161.83614836106182,161.16356943984644,151.04038927150344,81.58384556893256,104.57719951862681
2024-08-19,432.447395812422,265.5003724917998,143.96116738875176,181.5627942114634,157.6249310778935,161.4679784508069,149.57090357549964,80.49106514365253,105.92789083837785
2024-08-20,445.5819610574905,257.7980730280148,145.0255342884258,179.37866062955445,153.61350912326904,153.626036275359,145.01539437009208,78.07217212895549,101.53914704583046
2024-08-21,438.31965718394974,254.61731879499848,141.48434992091896,181.0717173092445,155.24754536575205,151.7879056294615,146.1514739077136,77.90056234463937,101.72574918849277
2024-08-22,445.6488129706429,254.76710498801134,142.67169413568317,184.11520522876495,157.1020232402781,153.34679386948397,153.6243640705633,77.2603074166038,102.25083558456235
2024-08-23,456.4194717332265,256.38915338615976,146.01486711773205,187.04002745276605,158.9837404845632,150.51817720632584,148.10901053142496,77.48921496165886,101.88775461333225
2024-08-26,441.7342712022341,255.53673094343904,144.161112289276,191.6371472675198,158.33204771070024,150.87636296932544,148.1466876536655,76.98070491188315,104.72282996352423
2024-08-27,432.6057572811157,257.7192977425794,143.70263045686283,194.50520355885823,158.09311116080514,152.405864557531,150.1779059551795,73.94388252091453,105.81567568340681
2024-08-28,416.2599029423205,251.65495945920298,143.67299378601936,196.02797782467073,159.28791415317147,151.54462145279567,150.68273860240828,73.42132563101721,108.80008387534386
2024-08-29,415.26581739598964,259.2990523565256,141.34578347996393,200.38038795064566,159.72083642358083,152.24313235148085,150.47742417183386,73.02394135350275,108.54775358853718
2024-08-30,422.47103027556307,259.26196648091707,143.10774470495176,200.43440545666084,152.7911870237964,149.4944356831885,146.702799217324,74.00050662267222,110.80007061274307
2024-09-02,436.43248999920513,265.44430571940785,142.6900184971293,197.0595925529036,152.2417510441559,149.0560842727295,147.51784107281972,73.01896438440804,114.644980193372
2024-09-03,438.38853485949363,267.66196201042044,143.81593533150553,196.57456203747398,149.80160066715902,151.05408022983423,145.41788336796384,75.52157938323711,117.88185154399156
2024-09-04,453.98302812152,270.50856420930165,141.1913170108397,193.80324346383628,150.47634128797935,151.70957325091084,139.17968388140415,72.68704221684014,115.54274178344787
2024-09-05,442.8141244235781,273.9968656337967,139.88541508113457,191.3412512664803,159.61103467944258,150.11197656673474,142.63020494926312,74.64402089171448,115.18761867653242
2024-09-06,429.0569307280178,276.8612757754907,141.83648469532625,190.94127660177196,160.9437282911636,150.96526229115037,145.4924674518082,74.36139030736601,114.62281990444652
2024-09-09,429.86743901625005,280.8354685544914,140.7079395795671,188.0679161966452,160.09545928700388,153.30404569548537,145.77373633237553,75.6918418044741,115.97366023348515
2024-09-10,434.4589859523021,288.7221852289257,145.49753611448622,187.06001686664362,163.20707944290086,147.20272472143787,146.57279415905307,75.86563251987995,117.79758623373812
2024-09-11,435.4782723681005,290.29006893796816,144.26186573944665,180.12527304935097,164.94584812942136,150.79174520141282,149.85402553257865,77.64780049328593,116.05679076401763
2024-09-12,418.7781849062759,294.8418390347281,144.83800356137937,181.0377650133956,166.4966508179923,149.95860651809525,150.6612581686538,77.10059786278555,116.44636674985368
2024-09-13,419.2880888932759,294.7549450506661,147.4670764441616,181.18695995671345,168.68391929515673,151.4146743954406,153.52086174514338,75.46048244917996,111.97499550478726
2024-09-16,409.60698268223086,303.68671088236863,143.21009794665522,178.37099342311006,175.7907197887855,155.22198706700885,152.7456360440741,77.65714356366644,115.42818120665318
2024-09-17,416.3218546725054,300.0340138791215,138.09518084909988,180.86549631361194,171.99051666763916,151.14997511365598,156.89110292907296,77.53525190798166,114.47618903509748
2024-09-18,420.6232774712175,311.2909326368089,133.81241756519276,184.40167047607582,173.79171169633017,149.18671528656176,158.03887344861877,77.93309842561327,114.83304323192534
2024-09-19,413.9784409805519,311.5078529175869,137.12449998158962,178.62045732485802,170.74555616277306,148.5047867021473,158.79446344588226,79.91221244348054,114.3515489385263
2024-09-20,410.96577979728306,303.06116109558855,135.54247228527345,176.03858871550796,172.81332803403905,146.3551694565571,154.90380508047315,78.31883446142271,117.20125260298431
2024-09-23,403.4926669167765,304.29222229171864,142.4095941646887,173.47144491092266,169.8109158926752,151.60913439096444,155.93222957947464,79.30642070625557,110.78446892417409
2024-09-24,404.19733379515304,300.60388617818643,140.7313039369424,170.34929508633917,168.56325799093815,149.19317584192532,153.47799688220582,78.42628636618073,110.96923450295796
2024-09-25,413.1312453833688,306.1088063617863,141.18038119581755,173.31158361470676,167.73699490204493,147.71453188572764,151.65687999315767,78.27387373194507,110.9563204416524
2024-09-26,406.2259545369304,302.57249062518235,145.46410442420756,172.77838658046576,171.17834317850804,148.49561392650673,149.32022470889385,78.44181653575676,110.17155659482337
2024-09-27,411.5397679384862,300.3262927078503,151.22766247935223,172.00256033956543,174.49391172166656,145.103530025096,146.27040411865858,76.14312324696074,114.19552101937268
2024-09-30,408.4099452980495,289.42720689400505,157.3871759898635,165.24677324291594,170.3210036750726,144.1293609003526,152.61787091794656,75.01036173441813,112.39733106401395
2024-10-01,403.15883213289214,287.2431526115307,161.11210937375998,167.47898624455917,170.6784533371775,145.2174028466274,156.81894966398406,77.08975831542173,114.35708233507593
2024-10-02,403.50530393084995,273.7491625538317,164.33133079235523,163.4619746402524,168.42693194795854,144.42492126134522,162.98308701178388,78.51004643722769,115.40059708954931
2024-10-03,396.36130448364435,265.4879448677451,166.19657996881034,163.78867834173897,164.35603646097678,144.32848337198945,159.14354768252446,78.46664674723836,118.54299978337961
2024-10-04,393.16148517921783,269.923795271188,168.7007006556207,164.82833332582538,163.80703125239373,142.97372353224054,159.51356836636876,78.90311505066339,117.19827387230131
2024-10-07,384.9217806084838,274.5708041870495,166.75664197457303,169.4456977640369,162.96020528825795,138.81470281482729,155.53049023779022,78.49401422569827,115.7146166244582
2024-10-08,401.20185588167755,277.3190248910652,163.94446168824877,165.14577460671725,171.03232982937152,139.87411777939153,153.50643237287665,80.6786335473668,118.48267204045418
2024-10-09,402.6884174992433,272.3717858062915,163.85142498533008,155.30469774825406,172.68436471228006,144.9513610238975,150.82582020822124,80.41182514676744,119.72750148626895
2024-10-10,398.26105560179326,272.5204389394883,163.21179941461142,155.9999954660352,168.09918901830704,145.17864948566856,154.70078893617946,80.84097033985833,116.2675267198328
2024-10-11,401.16023607113044,272.90958428721234,161.65075020538654,161.7423901854528,166.3685271657302,146.006934671443,153.6140787701766,82.75048279691968,115.24598856968751
2024-10-14,401.46248584071617,266.99637214803266,163.8213558965837,165.87958698632065,169.9334163835413,148.20498951408413,157.0346935835198,81.52185082120639,116.36706156500487
2024-10-15,400.8926532037616,275.42490455556157,166.86943310989722,166.70785500018067,177.20127410623087,144.62041324288882,159.0733835834237,84.12042370398655,118.5495589030483
2024-10-16,407.019629521169,280.670990415244,167.0810465333129,165.20202900523702,171.75771010754136,149.71832520699587,166.54550184567287,81.60444675557507,117.17620813426531
2024-10-17,414.4070985597902,279.85163223056566,171.9348514545895,168.0009564408504,165.4716376663127,150.50383376807565,161.76749718542425,84.32129075868471,110.58093122214746
2024-10-18,411.2534510281912,280.42189059744163,167.92296106394488,164.86422335220894,171.82894273568718,155.5964527580732,165.9871481243512,83.75182593675424,111.95926322690815
2024-10-21,407.7510666086736,282.01122545279094,167.18860218660706,166.5668018045448,173.3397115218724,153.50202182421975,169.94242556908344,83.40392294925135,109.45065764642837
2024-10-22,406.73126735077744,270.9183992450896,164.7081174495589,168.38394620238884,170.50285900019452,159.2677478686939,166.78700653745702,80.30962044150296,105.25357779871817
2024-10-23,389.22619489934016,269.98547882791576,158.47708874385867,172.08909991990137,172.49647761296544,161.9280145617956,170.29664993082952,79.63534935318395,99.50183621238271
2024-10-24,378.59883245033757,266.707940171182,158.13579031173282,181.72491944345984,163.57583007344343,163.9133818407729,171.59480413765704,78.03498697057022,101.32069168943568
2024-10-25,390.0845689829067,261.7652018879725,157.67166964744345,183.29653457949237,163.75044892938786,164.87727269391115,170.9685645759275,77.14125796857094,101.78396525358181
2024-10-28,404.0883531200943,260.6862041924433,162.36539677150935,181.577346430772,164.9878166627495,164.2555910064538,168.30509493383042,76.98341003647226,101.52816915981568
2024-10-29,403.28796691761687,270.44987503897795,164.33265386214043,181.62973399302433,168.20267072599066,168.39657845735323,166.03597382939148,78.51197971522706,104.55172750793508
2024-10-30,409.1482005272289,274.3218672865221,160.88434075735623,175.34870205984916,164.96007325643913,169.07137678820465,172.99225715565956,78.8929251033073,106.09349889482115
2024-10-31,412.92259394171674,271.59961234681094,166.76978779173336,173.05264010468903,165.40773253814027,162.62275877987358,173.1503126349533,79.43362037433582,109.73526442853515
2024-11-01,439.58815072083604,275.117276994387,170.7590335036239,171.77453408749363,162.51169249004894,159.18430720092306,176.01466900205176,77.7488024836722,106.8980910510473
2024-11-04,450.74995247121797,283.22969005509526,172.66162281185166,170.11145290724613,163.50426110992095,158.78365382338342,173.38888434659077,76.43367513042658,107.03801931824337
2024-11-05,450.94902536302783,288.8922088186956,171.7931897594759,170.765888242355,160.73990659352185,159.9586496325427,170.84057769650727,79.23684197705056,103.7910994076849
2024-11-06,443.6838718314425,289.670082117502,168.4107906274537,168.0936755477196,159.58868468476834,159.96956364671826,174.69127241385624,78.1272076021765,103.52252471834072
2024-11-07,430.75983698171177,286.3566226502221,167.07291248343955,171.99691379360345,156.56985598858478,164.06149162992207,170.13331084672052,80.76979516631638,103.21482295043876
2024-11-08,433.80499574501437,290.7849749830381,170.6273840843239,172.13522361517602,158.7653919967989,157.85635177715602,168.87359696562527,80.43369395800308,104.71476890890841
2024-11-11,428.5442360954535,293.50954520463375,176.97331102153697,172.24091353689042,161.6500039497174,158.49910475560688,169.14050982895824,80.49367808688491,105.01962267241356
2024-11-12,417.63989621347065,299.20476462005297,182.34708270424397,171.24916855739784,161.0531256324611,152.9263420875505,169.66948866092838,82.27317623440503,106.5390615664273
2024-11-13,413.49212325672124,303.45450035529404,180.47310384400419,171.91769340381785,161.33734573021817,155.43345414580216,169.21445787889726,84.42362004539638,108.25101672261579
2024-11-14,405.7883680181197,310.2795120023024,176.34165062601167,174.89220736840394,156.82444519825725,155.32633340557928,170.70631948450608,84.29561262972297,113.13298316188995
2024-11-15,420.69818213640445,307.4234808653166,176.75036206731517,171.99903478426828,156.04133716220477,156.81625457396444,173.2254522922284,83.70007583764712,112.64584010434403
2024-11-18,429.37836154377,315.9845734731869,170.41054092313496,169.8727259941646,156.04069858786877,154.29501627405412,175.9265136209523,83.66505497508977,110.75108593107626
2024-11-19,430.5980310350872,317.7073188695407,171.42675935233584,168.97672880568643,164.3757469820282,158.42847154262728,172.61626693974742,84.28912521714805,111.51766865546115
2024-11-20,444.6350457731518,331.37039120377773,170.83498531183557,164.56349286786715,160.88451451939,161.91936263438046,171.79062573526585,85.85067176618146,109.95133602806322
2024-11-21,446.656964130717,327.299918052719,169.15726104015084,161.998744963057,165.75666791844992,164.00340830179388,176.0502184913695,85.91802996114026,113.4301100287348
2024-11-22,440.3029632907285,339.15448414016754,163.6775703490072,160.58540028223854,169.22714435986768,163.77538699336665,179.35872034491314,87.04164241203492,113.01446118239866
2024-11-25,455.03659307422646,341.00566245979877,165.27702791531914,163.52215133420856,170.3461974509333,165.87124448376136,174.59545690460232,89.95468200089543,111.96212393530793
2024-11-26,461.3061786584841,337.07442639627277,163.43352517041515,164.5116609227872,176.50802989322344,163.72522697777418,175.979928691712,90.70366197659934,111.13065799949494
2024-11-27,453.12033599884865,334.3179272367643,159.52773575550296,165.28022620866483,177.99813000076313,166.72321813945322,169.17575186111208,91.33251564608494,112.94968333526803
2024-11-28,452.7547704915088,332.6774471661914,150.283862140007,168.22518254298404,179.56152031279373,172.4234212604451,169.4868149846789,88.62192947308627,112.81923326587678
2024-11-29,446.1842279759955,335.9986722214171,150.12601928498847,167.89757480542355,179.55031332878974,176.32229607774107,176.0722828631901,84.02115721074166,111.59702455922327
2024-12-02,435.1831120518088,340.01611082515257,155.37217782293584,169.34305489226438,184.12370716647098,173.96097917902568,172.8927952249881,84.73260758483887,115.53718498535736
2024-12-03,444.54979793691086,336.62479010899887,160.45676097587884,169.12893159671972,188.34555047610226,175.4271825621422,170.1634298715773,84.63122632257513,113.78987029013966
2024-12-04,462.86006296468906,336.96576010400145,158.90964889967026,170.1618437547962,186.17702536390098,171.100651627704,172.91677552159112,83.81913439964794,114.09839120973881
2024-12-05,451.3018216480171,351.9086439389158,156.91624793371568,168.3147074769349,181.4509320210635,173.2646995142081,167.736875353963,84.28605761202907,115.81512964165714
2024-12-06,457.73710795396613,364.5952543915457,158.30895575757305,160.2395833112159,180.89576243633113,175.03409045221926,165.76511151023317,84.24323400837605,112.26809415490163
2024-12-09,453.1538543197967,368.3237780599702,155.06873415326498,159.93743823794262,178.18218647706385,168.6984993147077,167.89168274420297,86.20236138346544,113.57098896702585
2024-12-10,450.09846097895644,369.15621542022683,155.9271695438426,164.61640203144563,178.13398971154115,164.98111369396358,165.9129588924846,86.41116224012796,111.40153850153962
2024-12-11,446.1160444900293,370.59615594942085,158.23826054810834,167.79750009353316,182.72071954030255,164.244839620099,165.27927097972795,85.18079987035351,113.45752693129235
2024-12-12,439.74558973059027,375.6993982293405,162.042097000957,171.17156378382768,181.23227051055426,163.45364020929733,167.8879917570977,86.9272894750462,111.50004192295027
2024-12-13,441.49156993768776,368.5776963015148,161.6364924209364,175.54030960871077,181.25828320854407,159.69591642068073,169.45454145763952,86.6106462615612,113.26791752867757
2024-12-16,435.47889521881655,367.2332978210559,160.8972519631895,175.9920014757284,181.64988351772132,161.12991781342652,170.5113223248854,87.58334736300984,115.99956153480602
2024-12-17,439.1408966983728,355.5289551249523,157.99150362759462,176.82731480228716,184.9138808197476,162.13367215361924,169.50829874961454,86.80839115185786,118.23008584314508
2024-12-18,440.0170872198294,358.90095615047125,155.29970646668332,174.784422131085,176.78917417017553,161.69828120512813,170.9154248201417,85.74094849651905,119.0608097927314
2024-12-19,439.2343140099084,364.08489241621726,154.51861450478586,173.81935743894968,174.82080246273853,159.44811541207324,170.64629223081215,85.94530043825452,118.74815386089621
2024-12-20,432.5793549015949,361.11260193197677,155.57665138013516,176.09907183655412,175.734358957833,162.98374064909436,172.3623304917459,86.02751338103285,117.61667495783716
2024-12-23,428.88710556424,373.0219999448378,158.3415117924799,180.4800097337014,180.12799543892,168.57541000963826,170.8044093502821,86.91329917451161,121.3122724893836
2024-12-24,436.6533180091934,364.43678176321816,155.7188096507712,180.12104843764365,178.53601539794312,167.14736899356384,170.33446160200566,86.50716070934634,119.8577499392824
2024-12-25,442.3378210037014,354.3099955630917,160.2897439886996,178.6433740287856,172.0139065569222,165.30150404460952,167.1152840653863,83.39055030314675,117.61145731683165
2024-12-26,435.0166413288139,356.43197101319856,159.3404324646971,178.78817505503844,174.3179001986526,167.12381316727996,167.1486816872323,82.72713864217364,119.4117804335165
2024-12-27,437.18591537046575,364.43100520661085,159.19266877002315,181.08097874451863,172.27711734914558,166.12765703969606,164.58796099669544,84.09845424698564,117.74924173164058
2024-12-30,445.06739046315465,377.25116094028556,156.7340600088447,175.99675066210526,168.3503476138052,165.8638556212622,161.0689174878371,83.65714579307105,115.74735508663294
2024-12-31,431.5426355926622,374.3547452636053,149.05647261025072,168.05514032894754,166.41652269363306,168.51652671935713,162.0471249352007,83.30347115062315,112.63698229404739
